Name,White,Blue,Black,Red,Green,Value,Infamy,Aggro,Reanimate,Breach,Ramp,Control,Artifacts,Storm,Sacrifice,Blink,Lands
Esper Sentinel,1,,,,,0.6,0.2,1,0,0,0,0.2,0.6,0,0.1,0,0
Giver of Runes,1,,,,,0.3,0.1,1,0,0,0,0,0,0,0.1,0.1,0
Mother of Runes,1,,,,,0.3,0.1,1,0,0,0,0,0,0,0.1,0.1,
Student of Warfare,1,,,,,0.1,0,1,0,0,0,0,0,0,0,0,
Thraben Inspector,1,,,,,0.4,0.2,1,0,0,0,0.2,0.4,0,0.2,0.6,0
Usher of the Fallen,1,,,,,0.1,0,1,0,0,0,0,0,0,0.3,0,0
Weathered Wayfarer,1,,,,,0.5,0.2,0.8,0,0,0.3,0.2,0,0,0,0,1
Adanto Vanguard,1,,,,,0.1,0,1,0,0,0,0.1,0,0,0,0,0
Cathar Commando,1,,,,,0.8,0,1,0,0,0,0.3,0,0,0,0,0
Containment Priest,1,,,,,0.1,0,0.6,-1,-1,0,0.2,0,0,0,0,0
Intrepid Adversary,1,,,,,0.3,0,1,0,0,0,0,0,0,0,0.05,0
Leonin Relic-Warder,1,,,,,0.9,0.1,1,0,0,0,0.3,0,0,0,0.8,0
Lion Sash,1,,,,,0.2,0,1,0,0,0,0.1,0.3,0,0,0,0
Selfless Spirit,1,,,,,0.8,0.1,1,0,0,0,0,0,0,0,0,0
Stoneforge Mystic,1,,,,,1,0.8,1,0,0,0,0.2,0.9,0,0,0.7,0
Thalia  Guardian of Thraben,1,,,,,0.5,0.5,1,0,0,,-0.3,0,-1,0,0,0
Tithe Taker,1,,,,,0.3,0.2,1,0,0,0,0,0,0,0,0,
Wall of Omens,1,,,,,0.8,,,,,,0.4,,,0.3,1,
Adeline  Resplendent Cathar,1,,,,,0.9,0.5,1,0,0,0,0,0,0,0,0,0
Blade Splicer,1,,,,,0.8,0.4,1,0,0,0,0,0.4,0,0,1,
Elite Spellbinder,1,,,,,0.9,4,1,0,0,0,0,0,0,0,0.8,
Flickerwisp,1,,,,,0.7,0.6,0.8,0,0,0,0,0,0,0,1,
Loran of the Third Path,1,,,,,1,0.2,0.8,0,0,0,0.8,0,0,0,1,
Monastery Mentor,1,,,,,0.5,0.5,1,0,0,0,0.3,0,0.6,0.8,0,0
Porcelain Legionnaire,1,,,,,0,0,0.4,0,0,0,0,0.3,0,0,0,0
Recruiter of the Guard,1,,,,,1,0.8,1,0,0,0,0.2,0,0,0.3,1,
Skyclave Apparition,1,,,,,1,0.7,0.8,0,0,0,0.7,0,0,0,1,
Hero of Bladehold,1,,,,,0.2,0,0.6,0,0,0,0,0,0,0.2,,
Palace Jailer,1,,,,,1,0.5,0.6,0,0,0,0.8,0,0,0,1,
Restoration Angel,1,,,,,0.5,0.3,0.1,0,0,0,0,0,0,0,1,
Serra Paragon,1,,,,,0.9,0.2,0.6,0.4,0,0,,0.3,0,0.3,0,0.8
Boon-Bringer Valkyrie,1,,,,,0.6,,0.7,0,0,0,0,0,0,0,0.4,0
Guardian Scalelord,1,,,,,0.7,,0.5,0.6,0,0.2,0,0,0,0,0,0
Karmic Guide,1,,,,,0.9,0.2,0.1,1,0,0,0,0,0,0,1,
Solitude,1,,,,,1,0.8,1,0.4,0,0,1,0,0,0,1,0
Steel Seraph,1,,,,,0.3,,0.8,0,0,0,0,0.5,0,0,0,0
Sun Titan,1,,,,,1,0.4,0.3,0.8,0,0.3,,0.2,,,1,
Elesh Norn  Grand Cenobite,1,,,,,1,0.9,0.5,1,1,1,0.5,0,0,0,0,0
Iona  Shield of Emeria,1,,,,,1,0.9,0.1,1,1,1,0.5,,,,,
Elspeth  Knight-Errant,1,,,,,0.7,,0.6,0,0,0,0.4,0,0,0,0,0
Gideon  Ally of Zendikar,1,,,,,0.9,,0.8,0,0,0,0.4,0,0,0,0,0
The Wandering Emperor,1,,,,,1,0.6,1,0,0,0,1,0,0,0,0,0
Elspeth  Sun's Champion,1,,,,,0.9,,0.8,0,0,0,0.5,0,0,0,0,0
Enlightened Tutor,1,,,,,0.6,0.4,0,0,0,0,0.4,0.9,0,0,0,0
Ephemerate,1,,,,,0.4,0.3,,,,,,,,,1,
Path to Exile,1,,,,,0.8,0.8,0.6,0,0,0,1,,,,,
Swords to Plowshares,1,,,,,0.9,0.8,,,,,1,,,,,
Reprieve,1,,,,,1,,,,,,1,,,,,
Unexpectedly Absent,1,,,,,0.4,,,,,,1,,,,,
Oust,1,,,,,0.6,,,,,,1,,,,,
Prismatic Ending,1,,,,,0.7,,,,,,1,,,,,
Balance,1,,,,,1,0.6,0.7,0.1,0,0,,,,0.4,,
Winds of Abandon,1,,,,,0.7,,,,,,1,,,,,
Council's Judgment,1,,,,,0.7,,,,,,1,,,,,
Sevinne's Reclamation,1,,,,,0.8,,0.4,0.7,,,,0.7,,,,
Armageddon,1,,,,,0.9,0.5,0.4,,,,,,,,,0.4
Wrath of God,1,,,,,1,0.6,,,,,1,,,,,
Spectral Procession,1,,,,,0.8,,0.8,,,,,,,0.5,,
Mox Pearl,1,,,,,1,1,,,,,,1,1,,,
Glimmer Lens,1,,,,,0.4,,0.5,,,,,0.1,,,,
Touch the Spirit Realm,1,,,,,0.7,,,,,,1,,,,1,
Parallax Wave,1,,,,,0.3,,,,,,1,,,,1,
Leyline Binding,1,,,,,0.8,0.4,,,,,1,,,,,0.2
Baral  Chief of Compliance,,1,,,,0.5,,,,0.3,,0.5,,1,,,
Faerie Mastermind,,1,,,,0.6,,0.3,,,,0.5,,,,,
Jace  Vryn's Prodigy,,1,,,,0.7,0.4,,0.5,,,0.5,,,,,
Ledger Shredder,,1,,,,0.5,,0.3,0.5,0.4,,,,,,,
Phantasmal Image,,1,,,,0.9,0.3,,0.3,,,0.5,,,,,
Snapcaster Mage,,1,,,,0.6,0.3,,0.3,0.3,,0.7,,0.7,,,
Thieving Skydiver,,1,,,,0.4,,0.3,,,,0.3,0.5,,,,
Brazen Borrower,,1,,,,0.5,,0.3,,,,0.3,,,,,
Chrome Host Seedshark,,1,,,,0.6,,,,,,,0.4,0.5,,,
Deceiver Exarch,,1,,,,0.2,0.5,,,,,,,,,,
Emry  Lurker of the Loch,,1,,,,0.5,,,,,,,1,,,,
Pestermite,,1,,,,0.2,0.5,,,,,,,,,,
Spellseeker,,1,,,,0.5,,,,,,0.5,,0.5,,0.7,
Svyelun of Sea and Sky,,1,,,,0.4,,0.3,,,,,,,,,
Trinket Mage,,1,,,,0.4,,,,,,,0.8,,,,
Vendilion Clique,,1,,,,0.7,0.2,0.4,,,,0.7,,,,,
Displacer Kitten,,1,,,,0.7,,,,0.5,,,,,,1,
Phyrexian Metamorph,,1,,,,0.7,,0.4,,,,0.5,0.5,,,,
Sower of Temptation,,1,,,,0.7,,,,,,0.5,,,,,
Subtlety,,1,,,,0.6,0.3,,,,,0.7,,,,0.2,
Urza  Lord High Artificer,,1,,,,0.8,0.5,,,,,0.7,1,,,0.7,
Venser  Shaper Savant,,1,,,,0.5,,,,,,0.6,,,,,
Torrential Gearhulk,,1,,,,0.5,,,,,,0.7,,,,,
Hullbreaker Horror,,1,,,,0.7,,,0.8,,,0.7,,,,,
Murktide Regent,,1,,,,0.7,0.2,,,,,0.7,,,,,
Narset  Parter of Veils,,1,,,,0.7,0.3,,,,,0.7,,0.5,,,
Jace  the Mind Sculptor,,1,,,,0.8,0.8,,,,,1,,,,,
Ancestral Recall,,1,,,,1,1,,,1,,1,,1,,,
Brainstorm,,1,,,,0.7,0.3,,,0.4,,0.7,,0.8,,,0.3
Consider,,1,,,,0.6,,,0.3,0.3,,0.6,,0.7,,,
High Tide,,1,,,,0.5,,,,,,,,0.8,,,
Mystical Tutor,,1,,,,0.8,,,0.8,0.8,,,,0.8,,,
Spell Pierce,,1,,,,0.8,,0.3,0.8,0.8,,0.7,,0.8,,,
Brain Freeze,,1,,,,0.8,0.6,,,1,,,,,,,
Counterspell,,1,,,,0.8,0.5,,0.8,0.8,,0.8,,0.8,,,
Daze,,1,,,,0.7,0.3,0.3,0.7,,,0.7,,0.7,,,
Flash,,1,,,,0.5,0.3,,0.5,,,,,,,,
Mana Drain,,1,,,,1,1,,1,1,,1,,1,,,
Mana Leak,,1,,,,0.8,,,0.8,0.8,,0.8,,0.8,,,
Miscalculation,,1,,,,0.7,,,0.7,0.7,,0.7,,0.7,,,
Remand,,1,,,,0.8,,,0.8,0.8,,0.8,,0.8,,,
Snap,,1,,,,0.6,,,,,,,,0.7,,,
Force of Negation,,1,,,,0.9,0.5,,0.9,0.9,,0.9,,0.9,,,
Frantic Search,,1,,,,0.8,,,1,,,,,1,,,
Thirst for Discovery,,1,,,,0.7,,,1,0.5,,0.6,,1,,,
Cryptic Command,,1,,,,0.9,0.5,,,,,1,,1,,,
Fact or Fiction,,1,,,,0.7,,,0.5,,,1,,1,,,
Paradoxical Outcome,,1,,,,0.5,,,,,,,0.6,,,,
Turnabout,,1,,,,0.5,,,,,,,,0.7,,,
Force of Will,,1,,,,1,0.8,,1,1,,1,,1,,,
Mystic Confluence,,1,,,,0.9,,,,,,1,,1,,,
Dig Through Time,,1,,,,0.6,,,,,,0.7,,,,,
Gitaxian Probe,,0.5,,,,0.9,0.4,0.5,0.5,0.8,,0.8,,1,,,
Hard Evidence,,1,,,,0.7,,,,,,0.7,,0.7,,,
Ponder,,1,,,,0.8,,,0.5,0.8,,0.8,,0.8,,,
Preordain,,1,,,,0.8,,,0.5,0.8,,0.8,,0.8,,,
Chart a Course,,1,,,,0.6,,0.6,0.7,0.7,,0.5,,0.7,,,
Time Walk,,1,,,,1,1,,1,1,,1,,1,,,
Timetwister,,1,,,,0.8,0.8,,0.7,1,,1,,1,,,
Tinker,,1,,,,0.9,1,,,,,,1,,,,
Lórien Revealed,,1,,,,0.8,,,,0.7,,0.9,,0.9,,,
Time Warp,,1,,,,0.6,,,,,,0.7,,,,,
Echo of Eons,,1,,,,0.8,,,,0.7,,0.7,,0.7,,,
Mind's Desire,,1,,,,0.6,,,,,,,,0.8,,,
Time Spiral,,1,,,,0.9,0.8,,,1,,1,,1,,,
Upheaval,,1,,,,0.8,0.3,,,,,,0.8,0.8,,,
Treasure Cruise,,1,,,,0.7,,,,,,0.7,,,,,
Mox Sapphire,,1,,,,1,1,1,1,1,,1,1,1,,,
Seal of Removal,,1,,,,0.3,,,,,,,,,,,
Opposition,,1,,,,0.6,,,,,,0.8,,,,,
Dream Halls,,1,,,,0.7,,,,,,,,0.8,,,
Treachery,,1,,,,0.7,,,,,,0.7,,,,,
Shark Typhoon,,1,,,,0.7,,,,,,0.7,,,,,
Concealing Curtains,,,1,,,0.4,0.1,0.2,,,,,,,,,
Evolved Sleeper,,,1,,,0.7,,0.5,,,,,,,,,
Putrid Imp,,,1,,,0,0,,0.7,,,,,,,,
Dark Confidant,,,1,,,0.9,0.8,0.4,,,,0.1,,,,,
Dauthi Voidwalker,,,1,,,1,0.9,0.5,,,,0.3,,,,,
Jadar  Ghoulcaller of Nephalia,,,1,,,0.8,0,0.3,,,,,,,0.9,,
Kitesail Freebooter,,,1,,,0.7,0,0.4,,,,0.2,,,,,
Misery's Shadow,,,1,,,0.2,,0.8,,,,,,,,,
Oona's Prowler,,,1,,,,,0.1,0.7,,,,,,,,
Orcish Bowmasters,,,1,,,0.8,0.9,0.7,,,,0.8,,,,,
Tenacious Underdog,,,1,,,0.6,0.4,1,0.3,,,,,,0.2,,
Vampire Hexmage,,,1,,,0.1,0.5,0.2,,,,,,,,,1
Gix  Yawgmoth Praetor,,,1,,,1,0.8,1,,,,,,,,,
Graveyard Trespasser,,,1,,,0.5,0.4,1,,,,,,,,,
Murderous Rider,,,1,,,0.8,0.6,0.1,,,,1,,,,,
Ophiomancer,,,1,,,0.6,0.2,0.1,,,,,,,1,,
Grief,,,1,,,0.9,0.8,0.3,,,,0.2,,,,1,
Rankle  Master of Pranks,,,1,,,0.4,0.4,1,,,,,,,,,
Sheoldred  the Apocalypse,,,1,,,0.8,0.9,0.4,,,,0.6,,,,,
Yawgmoth  Thran Physician,,,1,,,1,0.8,0.2,,,,0.3,,,1,,
Custodi Lich,,,1,,,1,,0.1,,,,0.4,,,,,
Grave Titan,,,1,,,0.7,,,0.4,0,0.3,0.2,,,0.4,0.5,
Massacre Wurm,,,1,,,0.7,0.3,,0.4,,0.3,0.7,,,,0.7,
Troll of Khazad-dûm,,,1,,,0.1,,,,,,0.1,,,,,
Phyrexian Fleshgorger,,,1,,,0.4,,0.6,,,,,0.2,,,0.4,
Archon of Cruelty,,,1,,,1,0.3,,1,1,0.8,0.1,,,,0.2,
Griselbrand,,,1,,,1,1,,1,1,0.9,0.7,,,,,
Liliana of the Veil,,,1,,,0.7,0.9,0.6,0.8,,,,,,,,
Liliana  the Last Hope,,,1,,,0.8,0.7,0.5,0.7,,,0.6,,,,,
Dark Ritual,,,1,,,0.3,0.6,,0.4,,0.7,,,1,,,
Entomb,,,1,,,0.2,0.6,,1,,,,,,,,
Fatal Push,,,1,,,0.7,0.5,0.4,,,,1,,,0.5,,
Vampiric Tutor,,,1,,,0.4,0.8,,,0.8,0.8,,,0.8,,,0.8
Cabal Ritual,,,1,,,0.3,0.5,,0.3,,0.7,,,1,,,
Infernal Grasp,,,1,,,0.7,0.7,,,,,1,,,,,
Shallow Grave,,,1,,,0.6,0.3,,1,,,,,,,,
Sheoldred's Edict,,,1,,,0.5,0.4,,,,,1,,,,,
Corpse Dance,,,1,,,0.8,0.3,,1,,,,,,,,
Dismember,,,0.25,,,0.7,0.8,0.5,0.5,0.5,0.5,0.75,0.5,0.5,0.5,0.5,0.5
Baleful Mastery,,,1,,,0.6,0.4,,,,,1,,,,,
Snuff Out,,,1,,,0.9,0.6,,,,,1,,,,,
Bloodchief's Thirst,,,1,,,0.8,0.7,,,,,1,,,,,
Bone Shards,,,1,,,0.4,0.3,,0.8,,,0.3,,,0.9,,
Duress,,,1,,,0.7,0.4,0.5,,,,0.2,,,,,
Imperial Seal,,,1,,,0.6,0.7,,0.6,0.9,,,,0.9,,,0.9
Inquisition of Kozilek,,,1,,,0.7,0.5,0.6,,,,,,,,,
Mind Twist,,,1,,,1,1,0.2,,,0.3,0.4,,,,,
Reanimate,,,1,,,0.9,0.9,,1,,,,,,,,
Thoughtseize,,,1,,,0.8,0.6,0.3,,,,0.2,,,,,
Collective Brutality,,,1,,,0.7,0.2,0.2,0.4,,,0.5,,,,,
Demonic Tutor,,,1,,,0.7,0.9,,1,1,,,,1,,,1
Exhume,,,1,,,0.7,0.6,,1,,,,,,,,
Hymn to Tourach,,,1,,,0.9,0.7,0.5,,,,0.4,,,,,
Night's Whisper,,,1,,,0.7,0.3,,,,,0.5,,0.5,,,
Toxic Deluge,,,1,,,1,0.8,,,,,1,,,,,
Yawgmoth's Will,,,1,,,0.7,0.6,,1,0.4,,,0.6,0.9,,,0.8
Damnation,,,1,,,1,0.6,,,,,1,,,,,
Tendrils of Agony,,,1,,,0.4,0.7,,,,,,,1,,,
Mox Jet,,,1,,,1,1,,,,1,,1,1,,,
Wishclaw Talisman,,,1,,,0.3,,,0.6,0.8,,,,0.7,,,0.7
Bolas's Citadel,,,1,,,0.8,0.6,,,,,,,1,0.6,,
Animate Dead,,,1,,,0.6,0.7,,1,,,,,,,,
Bitterblossom,,,1,,,0.8,0.8,0.7,,,,0.6,,,1,,
Call of the Ring,,,1,,,0.6,0.2,,,,,,,,,,
Necromancy,,,1,,,0.6,0.3,,1,,,,,,,,
Recurring Nightmare,,,1,,,1,0.8,,1,,,,,,0.6,,
Bomat Courier,,,,1,,0.7,0.3,1,,,,,0.4,,,,
Dragon's Rage Channeler,,,,1,,0.6,0.8,1,0.2,,,,,,,,
Goblin Guide,,,,1,,0.2,0.5,1,,,,,,,,,
Goblin Welder,,,,1,,0.6,0.3,,,,,,1,,,,
Grim Lavamancer,,,,1,,0.4,0.5,,,,,0.3,,,,,
Monastery Swiftspear,,,,1,,0.3,0.4,1,,,,,,,,,
Rabbit Battery,,,,1,,0.4,0.2,1,,,,,0.3,,,,
Ragavan  Nimble Pilferer,,,,1,,1,1,1,,,,,0.4,,,,
Dire Fleet Daredevil,,,,1,,0.5,,0.5,,,,,,,,,
Embereth Shieldbreaker,,,,1,,0.6,,0.4,,,,,,,,,
Kari Zev  Skyship Raider,,,,1,,0.4,,0.7,,,,,,,0.7,,
Magda  Brazen Outlaw,,,,1,,0.6,0.3,0.8,,,0.3,,0.8,,,,
Robber of the Rich,,,,1,,0.8,0.4,1,,,,,,,,,
Runaway Steam-Kin,,,,1,,0.8,0.4,1,,,,,,,,,
Scrapwork Mutt,,,,1,,0.4,0.3,0.7,0.5,,,,0.3,,,,
Bonecrusher Giant,,,,1,,0.9,0.8,1,,,,0.6,,,,,
Goblin Rabblemaster,,,,1,,0.4,,0.7,,,,,,,0.6,,
Imperial Recruiter,,,,1,,0.8,0.9,0.2,0.3,,,,0.4,0.5,0.6,0.7,
Laelia  the Blade Reforged,,,,1,,0.7,,0.7,,,,,,,,,
Seasoned Pyromancer,,,,1,,0.8,0.4,0.3,0.9,,,,,,0.7,0.5,
Squee  Dubious Monarch,,,,1,,0.4,,0.4,0.2,,,,,,0.3,,
Hellrider,,,,1,,0.3,,0.5,,,,,,,,,
Pia and Kiran Nalaar,,,,1,,0.5,0.1,0.5,,,,,0.7,,0.7,,
Rampaging Raptor,,,,1,,0.6,,0.6,,,,,,,,,
Fury,,,,1,,1,0.9,0.9,,,,1,,,,1,
Glorybringer,,,,1,,0.8,0.7,0.7,,,,,,,,,
Goldspan Dragon,,,,1,,0.7,0.6,0.5,,,,0.7,,,,,
Kiki-Jiki  Mirror Breaker,,,,1,,0.7,0.9,0.2,,,,,,,,0.8,
Thundermaw Hellkite,,,,1,,0.4,0.3,0.4,,,,,,,,,
Zealous Conscripts,,,,1,,0.6,0.7,0.1,,0.2,,,,,,0.9,
Inferno Titan,,,,1,,0.6,,0.2,0.6,,0.7,,,,,0.8,
Oliphaunt,,,,1,,0.3,,0.1,,,,,,,,,
Chandra  Torch of Defiance,,,,1,,0.8,0.5,0.4,,,,0.9,,,,,
Daretti  Scrap Savant,,,,1,,0.6,,,0.5,,,,1,,,,
Burst Lightning,,,,1,,0.7,,0.3,,,,0.8,,,,,
Lightning Bolt,,,,1,,0.9,1,0.5,,,,0.9,,,,,
Abrade,,,,1,,0.8,0.5,0.4,,,,0.7,,,,,
Desperate Ritual,,,,1,,0.4,0.3,,,0.4,,,,1,,,
Incinerate,,,,1,,0.7,0.2,0.5,,,,0.8,,,,,
Pyretic Ritual,,,,1,,0.3,,,,,,,,0.7,,,
Char,,,,1,,0.4,,0.4,,,,,,,,,
Seething Song,,,,1,,0.4,,,,,,,,0.7,,,
Mine Collapse,,,,1,,0.5,,,,,,,,,,,
Through the Breach,,,,1,,0.7,0.5,,0.3,1,0.3,,,,,,
Fireblast,,,,1,,0.4,0.5,,,,,,,,,,
Chain Lightning,,,,1,,0.3,0.5,,,,,,,,,,
Faithless Looting,,,,1,,0.5,,,0.8,0.5,,0.3,,0.8,,,
Firebolt,,,,1,,0.3,0.4,,,,,,,,,,
Arc Trail,,,,1,,0.4,,,,,,,,,,,
Mizzium Mortars,,,,1,,0.2,,,,,,0.5,,,,,
Light Up the Stage,,,,1,,0.4,,0.5,,,,0.6,,,,,
Nahiri's Warcrafting,,,,1,,0.4,,0.4,,,,,,,,,
Wheel of Fortune,,,,1,,0.7,0.6,0.6,0.5,,,,,0.9,,,
Fiery Confluence,,,,1,,0.3,0.4,,,,,,,,,,
Mizzix's Mastery,,,,1,,0.5,0.5,,,,,,,,,,
Mox Ruby,,,,1,,0.9,0.8,,,,,,,,,,
Kumano Faces Kakkazan,,,,1,,0.4,,,,,,,,,,,
Bitter Reunion,,,,1,,0.5,,,,,,,,,,,
Underworld Breach,,,,1,,0.8,0.7,,,,,0.4,0.5,0.95,,,
Fable of the Mirror-Breaker,,,,1,,0.7,0.5,0.8,,,0.3,,0.4,,,,
Mana Flare,,,,1,,0.5,,,,,0.6,,,,,,0.5
Sulfuric Vortex,,,,1,,0.3,,,,,,,,,,,
Sneak Attack,,,,1,,0.4,,,,1,,,,,,,
Splinter Twin,,,,1,,0.5,,,,,,,,,,0.5,
Arbor Elf,,,,,1,0.5,,0.4,,,0.7,,,,,,
Birds of Paradise,0.5,0.5,0.5,0.5,1,0.75,,0.4,,,0.7,,,,,,
Delighted Halfling,0.5,0.5,0.5,0.5,1,0.8,,0.4,,,0.7,,,,,,
Elvish Mystic,,,,,1,0.5,,0.4,,,0.7,,,,,,
Elvish Reclaimer,,,,,1,0.6,,,,,,,,,,,0.8
Hexdrinker,,,,,1,0.4,,0.6,,,0.6,,,,,,
Joraga Treespeaker,,,,,1,0.4,,,,,,,,,,,
Llanowar Elves,,,,,1,0.5,,,,,0.7,,,,,,
Sylvan Safekeeper,,,,,1,0.7,,,,,,,,,,,0.6
Deeproot Wayfinder,,,,,1,0.5,,,,,,,,,,,
Devoted Druid,,,,,1,0.7,,,,,0.8,,,,,,
Outland Liberator,,,,,1,0.5,,,,,,,,,,,
Rofellos  Llanowar Emissary,,,,,1,0.6,,,,,0.7,,,,,,0.8
Sakura-Tribe Elder,,,,,1,0.4,,,,,0.5,,,,,,
Scavenging Ooze,,,,,1,0.6,,0.4,,,,,,,,,
Sylvan Caryatid,,,,,1,0.5,,,,,0.5,,,,,,
Wall of Roots,,,,,1,0.5,,,,,0.6,,,,,,
Augur of Autumn,,,,,1,0.6,,,,,,,,,,,
Courser of Kruphix,,,,,1,0.7,,,,,0.4,,,,,,0.8
Endurance,,,,,1,0.5,,0.3,,,0.3,,,,,,
Eternal Witness,,,,,1,0.3,,,0.2,,,,,,0.2,,0.5
Ramunap Excavator,,,,,1,0.5,,,,,,,,,,,0.8
Reclamation Sage,,,,,1,0.5,,0.4,,,,,,,,,
Tireless Tracker,,,,,1,0.4,,0.6,,,,,,,,,0.8
Oracle of Mul Daya,,,,,1,0.8,,,,,,,,,,,0.95
Questing Beast,,,,,1,0.8,,0.7,0.4,0.5,0.9,,,,,,
Ulvenwald Oddity,,,,,1,0.4,,,,,0.9,,,,,,
Deep Forest Hermit,,,,,1,0.6,,,0.5,,,,,,,,
Deranged Hermit,,,,,1,0.4,,,0.5,,,,,,,,
Elder Gargaroth,,,,,1,0.6,,,,,0.8,,,,,,
Thrun  Breaker of Silence,,,,,1,0.6,,,,,,,,,,,
Titania  Protector of Argoth,,,,,1,0.5,,,,,0.5,,,,,,0.7
Workshop Warchief,,,,,1,0.3,,0.4,,,,,,,,,
Kogla  the Titan Ape,,,,,1,0.5,,0.6,0.4,0.5,0.8,,,,,,
Primeval Titan,,,,,1,0.55,,,,,0.9,,,,,,
Hornet Queen,,,,,1,0.35,,,,,0.7,,,,,0.8,
Titan of Industry,,,,,1,0.4,,,0.8,0.7,0.6,,,,,0.7,
Craterhoof Behemoth,,,,,1,0.7,0.8,0.4,,,0.9,,,,,,
Woodfall Primus,,,,,1,0.7,,,0.7,0.8,0.8,,,,,0.5,
Worldspine Wurm,,,,,1,0.5,,,0.6,0.6,0.6,,,,,,
Wrenn and Realmbreaker,,,,,1,0.6,,,,,0.4,,,,,,
Garruk Wildspeaker,,,,,1,0.3,,0.4,,,0.4,,,,,,
Nissa  Who Shakes the World,,,,,1,0.8,,,,,0.95,,,,,,0.8
Nissa  Ascended Animist,,,,,1,0.6,,,,,0.5,,,,,,0.6
Crop Rotation,,,,,1,0.8,,,,,,,,,,,0.95
Force of Vigor,,,,,1,0.7,,0.4,,,0.6,,,,,,
Green Sun's Zenith,,,,,1,0.8,,0.7,,,0.8,,,,,,
Pest Infestation,,,,,1,0.4,,,,,,,,,,,
Channel,,,,,1,0.9,,,,,0.95,,,,,,
Finale of Devastation,,,,,1,0.4,,,,,0.95,,,,,,
Life from the Loam,,,,,1,0.6,,,0.9,,,,,,,,0.85
Regrowth,,,,,1,0.4,,,,,0.3,,,,,,
Natural Order,,,,,1,0.6,,0.5,,,0.8,,,,,,
Mox Emerald,,,,,1,0.9,,0.8,,,1,,,,,,
Birthing Pod,,,,,1,0.8,,,,,0.95,,,,,,
Esika's Chariot,,,,,1,0.6,,0.8,,,,,,,0.4,,
Exploration,,,,,1,0.65,,,,,0.7,,,,,,0.8
Fastbond,,,,,1,0.8,,,,,0.4,,,,,,0.95
Utopia Sprawl,,,,,1,0.5,,,,,0.5,,,,,,
Oath of Druids,,,,,1,0.8,,0.3,0.5,0.5,0.5,,,,,,
Survival of the Fittest,,,,,1,0.7,,,,,0.9,,,,,,
Sylvan Library,,,,,1,0.6,,0.6,,,0.9,,,,,,0.5
Invasion of Ikoria,,,,,1,0.8,,,,,0.8,,,,,,
Talisman of Progress,1,1,,,,0.5,,,,,,,,,,,
Soulherder,1,1,,,,0.5,,,,,,,,,,0.9,
Teferi  Time Raveler,1,1,,,,0.8,,,,,,0.9,,,,,
Urza  Lord Protector,1,1,,,,0.7,,,,,,0.6,0.5,,,,
Fractured Identity,1,1,,,,0.6,,,,,,0.8,,,,,
Teferi  Hero of Dominaria,1,1,,,,0.4,,,,,,0.8,,,,,
Baleful Strix,,1,1,,,0.5,,,,,,0.6,,,0.3,,
Rona  Herald of Invasion,,1,1,,,0.4,,,,,,0.6,,0.4,,,
Talisman of Dominance,,1,1,,,0.5,,,,,,,,,,,
Thief of Sanity,,1,1,,,0.3,,,,,,0.4,,,,,
Ertai Resurrected,,1,1,,,0.4,,,,,,,,,,,
Fallen Shinobi,,1,1,,,0.2,,,,,,,,,,,
The Scarab God,,1,1,,,0.3,,,0.8,,,,,,0.6,,
Bloodtithe Harvester,,,1,1,,0.4,,,,,,,,,,,
Kroxa  Titan of Death's Hunger,,,1,1,,0.6,,0.7,,,,,,,,,
Talisman of Indulgence,,,1,1,,0.5,,,,,,,,,,,
Daretti  Ingenious Iconoclast,,,1,1,,0.5,,,,,,,0.5,,,,
Fire Covenant,,,1,1,,0.65,,,,,,0.5,,,,,
Kolaghan's Command,,,1,1,,0.3,,,,,,0.4,,,,,
Orcish Lumberjack,,,,1,1,0.3,,,,,0.7,,,,,,0.8
Manamorphose,,,,1,1,0.55,,,,,,0.2,,0.8,,,
Talisman of Impulse,,,,1,1,0.4,,,,,,,0.5,,,,
Wrenn and Six,,,,1,1,0.7,,0.7,,,,,,,,,0.8
Minsc and Boo  Timeless Heroes,,,,1,1,0.7,,,,,0.6,,,,,,
Escape to the Wilds,,,,1,1,0.5,,,,,0.6,,,,,,
Kogla and Yidaro,,,,1,1,0.6,,,,,0.6,,,,,,
Etali  Primal Conqueror,,,,1,1,0.6,,,,,0.7,,,,,,
Talisman of Unity,1,,,,1,0.5,,,,,,,0.5,,,,
Voice of Resurgence,1,,,,1,0.4,,0.7,,,,,,,,,
Kitchen Finks,1,,,,1,0.5,,,,,,,,,0.7,,
Knight of Autumn,1,,,,1,0.4,,0.6,,,0.7,,,,,,
Knight of the Reliquary,1,,,,1,0.4,,,,,,,,,,,0.9
Sigarda  Font of Blessings,1,,,,1,0.6,,0.4,,,0.5,,,,,,
Damn,1,,1,,,0.7,,,0.6,,,0.9,,0.3,,,
Talisman of Hierarchy,1,,1,,,0.5,,,,,,,0.5,,,,
Tidehollow Sculler,1,,1,,,0.4,,,,,,,,,,,
Lingering Souls,1,,1,,,0.5,,,,,,,,,0.7,,
Lurrus of the Dream-Den,1,,1,,,0.75,,,,,,,,,0.9,,
Vindicate,1,,1,,,0.65,,,0.3,,,0.6,,,,,
Ashen Rider,1,,1,,,0.5,,,,,,,,,,,
Expressive Iteration,,1,,1,,0.6,,,0.5,6,,0.9,0.4,0.9,,,
Talisman of Creativity,,1,,1,,0.5,,,,,,,0.5,,,,
Third Path Iconoclast,,1,,1,,0.4,,,,,,,,,,,
Dack Fayden,,1,,1,,0.45,,0.3,,,,0.5,0.5,,,,
Saheeli  Sublime Artificer,,1,,1,,0.5,,,,,,,0.8,,,,
Magma Opus,,1,,1,,0.3,,0.2,,,,0.6,,,,,
Assassin's Trophy,,,1,,1,0.65,,,0.4,0.5,,,,,,,
Fiend Artisan,,,1,,1,0.45,,,,,0.5,,,,,,
Talisman of Resilience,,,1,,1,0.6,,,,,,,0.5,,,,
Tear Asunder,,,1,,1,0.5,,0.4,,,,,,,,,
Grist  the Hunger Tide,,,1,,1,0.6,,,0.5,,,,,,0.7,,
LifeDeath,,,1,,1,0.7,,,0.5,,,,,,,,
Vraska  Golgari Queen,,,1,,1,0.5,,,0.3,,,,,,,,
Figure of Destiny,1,,,1,,0.4,,,,,,,,,,,
Forth Eorlingas!,1,,,1,,0.4,,0.3,,,,,,,,,
Talisman of Conviction,1,,,1,,0.5,,,,,,,0.5,,,,
Zirda  the Dawnwaker,1,,,1,,0.6,,,,,,0.4,0.5,0.6,,,
Showdown of the Skalds,1,,,1,,0.3,,0.3,,,,,,,,,
Otharri  Suns' Glory,1,,,1,,0.2,,,,,,,,,,,
Kinnan  Bonder Prodigy,,1,,,1,0.75,,,,,0.8,0.7,,0.7,,,
Suspicious Stowaway,,1,,,1,0.6,,,,,,,,,,,
Talisman of Curiosity,,1,,,1,0.5,,,,,,,0.5,,,,
Oko  Thief of Crowns,,1,,,1,0.85,0.8,,,,0.8,0.9,,,,,
Uro  Titan of Nature's Wrath,,1,,,1,0.5,1,,0.4,,0.8,,,,,,0.9
Sail into the West,,1,,,1,0.4,,,,,,,,,,,
Tamiyo  Collector of Tales,,1,,,1,0.3,,,,,,,,,,,
Noble Hierarch,0.2,0.2,,,1,0.6,,,,,0.5,,,,,,
Sphinx of the Steel Wind,1,1,1,,,0.3,,,0.8,0.8,,,,,,,
Cruel Ultimatum,,1,1,1,,0.3,,,,,,0.5,,,,,
Ignoble Hierarch,,,0.2,0.2,1,0.6,,,,,0.5,,,,,,
Inspired Ultimatum,1,1,,1,,0.3,,,,,,0.6,,,,,
Leovold  Emissary of Trest,,1,1,,1,0.6,,,,,,0.8,,,,,
Atraxa  Grand Unifier,1,1,1,,1,0.7,,,0.8,0.8,0.6,,,,,0.7,
Omnath  Locus of Creation,1,1,,1,1,0.5,,,,,,,,,,,0.9
Golos  Tireless Pilgrim,1,1,1,1,1,0.7,,,0.3,0.4,,0.7,,,,,0.95
Kenrith  the Returned King,1,0.2,0.2,0.2,0.2,0.6,,,0.7,,,0.8,,,,,
Hangarback Walker,1,1,1,1,1,0.5,,,,,,,0.7,,,,
Walking Ballista,1,1,1,1,1,0.7,,,,,,,0.8,,,,
Phyrexian Revoker,1,1,1,1,1,0.5,,,,,,,0.6,,,,
Solemn Simulacrum,1,1,1,1,1,0.5,,,,,0.6,,0.5,,,,
Wurmcoil Engine,1,1,1,1,1,0.6,,,0.7,0.7,0.8,,0.6,,,,
Myr Battlesphere,1,1,1,1,1,0.4,,,0.3,,3,,0.5,,,,
Blightsteel Colossus,1,1,1,1,1,0.7,,,,0.9,0.9,,,,,,
Emrakul  the Aeons Torn,1,1,1,1,1,0.8,0.75,,,0.9,0.9,,,,,,
Sundering Titan,1,1,1,1,1,0.7,,,0.8,0.8,0.6,0.6,,,,,
Triplicate Titan,1,1,1,1,1,0.5,,,0.7,0.5,,,0.4,,,,
Ulamog  the Ceaseless Hunger,1,1,1,1,1,0.75,0.6,,,0.8,,,,,,,
Ulamog  the Infinite Gyre,1,1,1,1,1,0.7,0.6,,,0.8,,,,,,,
Karn  Scion of Urza,1,1,1,1,1,0.4,,,,,,,0.8,,,,
Ugin  the Spirit Dragon,1,1,1,1,1,0.5,,,,,0.7,0.8,,,,,
Black Lotus,1,1,1,1,1,1,1,1,1,1,1,1,1,1,1,1,1
Chrome Mox,1,1,1,1,1,0.8,,0.5,,,0.3,,,,,,
Everflowing Chalice,1,1,1,1,1,0.6,,,,,0.8,,0.5,,,,
Lion's Eye Diamond,1,1,1,1,1,0.8,,,,,,0.4,,0.95,,,
Lotus Petal,1,1,1,1,1,0.65,,,,,,,,0.8,,,
Mana Crypt,1,1,1,1,1,0.8,,,,,0.8,,0.7,0.9,,,
Mishra's Bauble,1,1,1,1,1,0.5,,0.5,,,,0.8,0.6,0.7,,,
Mox Diamond,1,1,1,1,1,0.8,,,,,0.5,,0.9,,,,
Mox Opal,1,1,1,1,1,0.75,,,,,,,0.95,,,,
Zuran Orb,1,1,1,1,1,0.9,,,,,,,,,,,0.8
Candelabra of Tawnos,1,1,1,1,1,0.4,,,,,,,,,,,0.7
Mana Vault,1,1,1,1,1,0.9,,,,,,0.6,0.8,0.9,,,
Relic of Progenitus,1,1,1,1,1,0.6,,0.3,,,,,,,,,
Retrofitter Foundry,1,1,1,1,1,0.4,,,,,,,0.8,,,,
Sensei's Divining Top,1,1,1,1,1,0.8,,,0.7,0.7,,0.9,0.9,,,,
Skullclamp,1,1,1,1,1,0.6,,,,,,,,,0.9,,
Sol Ring,1,1,1,1,1,0.8,,,,,0.8,0.8,0.9,0.6,,,
Agatha's Soul Cauldron,1,1,1,1,1,0.6,,,0.5,,,,,,0.5,,
Grim Monolith,1,1,1,1,1,0.5,,,,,,0.7,0.6,,,,
Helm of Awakening,1,1,1,1,1,0.6,,,,,,,,0.8,,,
Lightning Greaves,1,1,1,1,1,0.4,,0.4,0.8,,,,,,,,
Pentad Prism,1,1,1,1,1,0.5,,,,,,,,,,,
Smuggler's Copter,1,1,1,1,1,0.6,,0.6,,,,,,,,,
Umezawa's Jitte,1,1,1,1,1,0.4,,0.7,,,,,,,,,
Andúril  Flame of the West,1,1,1,1,1,0.5,,,,,,,,,,,
Basalt Monolith,1,1,1,1,1,0.75,,,,,,0.8,,,,,
Coalition Relic,1,1,1,1,1,0.5,,,,,0.4,,,,,,
Crucible of Worlds,1,1,1,1,1,0.6,,,,,,,,,,,0.7
Mirage Mirror,1,1,1,1,1,0.6,,,0.4,,,,,,,,
Palantír of Orthanc,1,1,1,1,1,0.4,,,,,,,,,,,
Aetherflux Reservoir,1,1,1,1,1,0.5,,,,,,0.5,0.6,0.8,,,
Mystic Forge,1,1,1,1,1,0.7,,,,,,,0.9,,,,
The One Ring,1,1,1,1,1,0.8,,0.5,0.5,0.5,0.8,0.9,0.5,0.7,,0.8,
Thran Dynamo,1,1,1,1,1,0.6,,,,,,0.6,0.4,,,,
Batterskull,1,1,1,1,1,0.5,,0.5,,,,,,,,,
Memory Jar,1,1,1,1,1,0.5,,,,,,,,,,,
The Mightstone and Weakstone,1,1,1,1,1,0.6,,,,,,0.5,0.6,,,,
Mindslaver,1,1,1,1,1,0.2,,,,,,,,,,,
Kaldra Compleat,1,1,1,1,1,0.5,,0.3,,,0.8,,,,,,
Portal to Phyrexia,1,1,1,1,1,0.8,,,0.4,,0.8,,,,,,
Celestial Colonnade,1,1,,,,0.4,-0.1,-0.4,,,,0.9,,,,,0.2
Hallowed Fountain,1,1,,,,0.6,,,,,,,,,,,
Seachrome Coast,1,1,,,,0.5,,,,,,,,,,,
Tundra,1,1,,,,0.9,,,,,,,,,,,
Creeping Tar Pit,,1,1,,,0.3,-0.3,-0.3,,,,0.7,,,,,
Darkslick Shores,,1,1,,,0.4,,,,,,,,,,,
Underground Sea,,1,1,,,0.9,,,,,,,,,,,
Watery Grave,,1,1,,,0.6,,,,,,,,,,,
Badlands,,,1,1,,0.9,,,,,,,,,,,
Blackcleave Cliffs,,,1,1,,0.5,,,,,,,,,,,
Blood Crypt,,,1,1,,0.6,,,,,,,,,,,
Graven Cairns,,,1,1,,0.4,,,,,,,,,,,
Copperline Gorge,,,,1,1,0.6,,,,,,,,,,,
Raging Ravine,,,,1,1,0.3,-0.3,,,,,,,,,,
Stomping Ground,,,,1,1,0.6,,,,,,,,,,,
Taiga,,,,1,1,0.9,,,,,,,,,,,
Horizon Canopy,1,,,,1,0.5,,,,,,,,,,,
Razorverge Thicket,1,,,,1,0.5,,,,,,,,,,,
Savannah,1,,,,1,0.9,,,,,,,,,,,
Temple Garden,1,,,,1,0.6,,,,,,,,,,,
Concealed Courtyard,1,,1,,,0.5,,,,,,,,,,,
Godless Shrine,1,,1,,,0.6,,,,,,,,,,,
Scrubland,1,,1,,,0.9,,,,,,,,,,,
Silent Clearing,1,,1,,,0.5,,,,,,,,,,,
Fiery Islet,,1,,1,,0.5,,,,,,,,,,,
Spirebluff Canal,,1,,1,,0.5,,,,,,,,,,,
Steam Vents,,1,,1,,0.6,,,,,,,,,,,
Volcanic Island,,1,,1,,0.9,,,,,,,,,,,
Bayou,,,1,,1,0.9,,,,,,,,,,,
Blooming Marsh,,,1,,1,0.5,,,,,,,,,,,
Nurturing Peatland,,,1,,1,0.5,,,,,,,,,,,
Overgrown Tomb,,,1,,1,0.6,,,,,,,,,,,
Inspiring Vantage,1,,,1,,0.5,,,,,,,,,,,
Plateau,1,,,1,,0.9,,,,,,,,,,,
Sacred Foundry,1,,,1,,0.6,,,,,,,,,,,
Sunbaked Canyon,1,,,1,,0.5,,,,,,,,,,,
Botanical Sanctum,,1,,,1,0.5,,,,,,,,,,,
Breeding Pool,,1,,,1,0.6,,,,,,,,,,,
Tropical Island,,1,,,1,0.9,,,,,,,,,,,
Waterlogged Grove,,1,,,1,0.5,,,,,,,,,,,
Spara's Headquarters,1,1,,,1,0.45,,,,,,,,,,,
Raffine's Tower,1,1,1,,,0.45,,,,,,,,,,,
Xander's Lounge,,1,1,1,,0.45,,,,,,,,,,,
Ziatora's Proving Ground,,,1,1,1,0.45,,,,,,,,,,,
Jetmir's Garden,1,,,1,1,0.45,,,,,,,,,,,
Savai Triome,1,1,,1,,0.45,,,,,,,,,,,
Ketria Triome,,1,,1,1,0.45,,,,,,,,,,,
Indatha Triome,1,,1,,1,0.45,,,,,,,,,,,
Raugrin Triome,1,1,,1,,0.45,,,,,,,,,,,
Zagoth Triome,,1,1,,1,0.45,,,,,,,,,,,
Ancient Tomb,,,,,,0.6,,,,,,,,,,,
Arid Mesa,1,,,1,,0.8,,,,,,,,,,,
Bazaar of Baghdad,,,,,,0.5,,,0.9,,,,,,,,
Bloodstained Mire,,,1,1,,0.8,,,,,,,,,,,
Boseiju  Who Endures,,,,,1,0.3,,,,0.4,,,,0.8,,,-0.1
City of Traitors,,,,,,0.6,,,,,,,,,,,0.3
Dark Depths,,,,,,0.3,0.7,,,,,,,,,,0.7
Field of the Dead,,,,,,0.8,0.5,,,,,,,,,,1
Flooded Strand,1,1,,,,0.8,,,,,,,,,,,
Gaea's Cradle,,,,,1,0.8,1,,,,1,,,,,,
Karakas,1,,,,,0.5,,0.7,,,,,,,,,0.6
Library of Alexandria,,,,,,0.5,,,,,,,,,,,
Mana Confluence,1,1,1,1,1,0.5,,,,,,,,,,,
Marsh Flats,1,,1,,,0.8,,,,,,,,,,,
Mishra's Factory,,1,,,1,0.2,,,,,,,,,,,-0.5
Mishra's Workshop,,,,,,0.8,,,,,,,,,,,-0.9
Misty Rainforest,,1,,,1,0.8,,,,,,,,,,,
Mutavault,,,,,,0.3,,,,,,,,,,,0.5
Otawara  Soaring City,,1,,,,0.4,,,,,,,,,,,
Polluted Delta,,1,1,,,0.8,,,,,,,,,,,
Prismatic Vista,1,1,1,1,1,0.8,,,,,,,,,,,
Scalding Tarn,,1,,1,,0.8,,,,,,,,,,,
Strip Mine,,,,,,0.7,,,,,,,,,,,0.9
Thespian's Stage,,,,,,0.4,,,,,,,,,,,0.7
Tolarian Academy,,1,,,,0.6,0.8,,,,,,,,,,-0.6
Urborg  Tomb of Yawgmoth,,,1,,,0.4,,,,,,,,,,,0.2
Urza's Saga,,,,,,0.7,0.7,,,,,,0.9,,,,0.3
Verdant Catacombs,,,1,,1,0.8,,,,,,,,,,,
Wasteland,,,,,,0.4,,,,,,,,,,,1
Windswept Heath,1,,,,1,0.8,,,,,,,,,,,
Wooded Foothills,,,,1,1,0.8,,,,,,,,,,,